{
  "AWSTemplateFormatVersion": "2010-09-09",
  "Parameters" : {
    "InstanceType" : {

      "Description": "Instance type to be used for the master instance.",
      "Type": "String",
      "Default": "m5.xlarge"
    },
    "ReleaseLabel" : {
      "Description": "Must be a valid EMR release  version",
      "Default": "emr-5.29.0",
      "Type": "String"
    },
    "SubnetId" : {

      "Description": "Must be Valid public subnet ID",
      "Default": "subnet-0ec3b625",
      "Type": "String"
    }
  },
  "Resources": {
    "cluster": {
      "Type": "AWS::EMR::Cluster",
      "Properties": {
        "Instances": {

          "MasterInstanceGroup": {
            "InstanceCount": 1,
            "InstanceType": {"Ref" : "InstanceType"},
            "Market": "ON_DEMAND",
            "Name": "cfnMaster"
          },
          "CoreInstanceGroup": {
            "InstanceCount": 1,
            "InstanceType": {"Ref" : "InstanceType"},
            "Market": "ON_DEMAND",
            "Name": "cfnCore"
          },

          "Ec2SubnetId" : {"Ref" : "SubnetId"}
        },
        "Name": "CFNtest2",
        "JobFlowRole" : {"Ref": "emrEc2InstanceProfile"},
        "ServiceRole" : {"Ref": "emrRole"},
        "ReleaseLabel" : {"Ref" : "ReleaseLabel"},

        "VisibleToAllUsers" : true,
        "Tags": [
          {
            "Key": "key1",
            "Value": "value1"
          }

        ]
      }
    },
    "emrRole": {
      "Type": "AWS::IAM::Role",
      "Properties": {
        "AssumeRolePolicyDocument": {
          "Version": "2008-10-17",
          "Statement": [
            {
              "Sid": "",
              "Effect": "Allow",
              "Principal": {
                "Service": [
                  "elasticmapreduce.amazonaws.com"
                ]
              },
              "Action": "sts:AssumeRole"
            }
          ]
        },
        "Path": "/",
        "ManagedPolicyArns": ["arn:aws:iam::aws:policy/service-role/AmazonElasticMapReduceRole"]
      }
    },
    "emrEc2Role": {
      "Type": "AWS::IAM::Role",

      "Properties": {
        "AssumeRolePolicyDocument": {
          "Version": "2008-10-17",
          "Statement": [
            {
              "Sid": "",

              "Effect": "Allow",
              "Principal": {
                "Service": [
                  "ec2.amazonaws.com"
                ]
              },
              "Action": "sts:AssumeRole"
            }
          ]
        },
        "Path": "/",
        "ManagedPolicyArns": ["arn:aws:iam::aws:policy/service-role/AmazonElasticMapReduceforEC2Role"]
      }
    },
    "emrEc2InstanceProfile": {
      "Type": "AWS::IAM::InstanceProfile",
      "Properties": {
        "Path": "/",
        "Roles": [ {
          "Ref": "emrEc2Role"
        } ]
      }
    }
}

  }
